{
  "version": "v3_top_v18",
  "schema": [
    "rsi_inv_lag1",
    "volatility_shift_ma3",
    "bb_position_inv_ma3",
    "rsi_vol_interaction",
    "vol_regime",
    "fib05_prox_atr",
    "fib_prox_score",
    "fib05_x_ema_slope",
    "fib_prox_x_adx",
    "fib05_x_rsi_inv"
  ],
  "buy": {
    "w": [
      0.12916341176013074,
      0.2801669422544879,
      0.2818366318171403,
      0.04313222492090436,
      0.12882461916872046,
      -0.15989630466395832,
      -0.11093386708993141,
      0.0004434674300691117,
      -0.006554800910394535,
      0.00031381197469406753
    ],
    "b": -0.7437066549613455,
    "calib": {
      "a": 1.0,
      "b": 0.0
    }
  },
  "sell": {
    "w": [
      -0.12916341176012533,
      -0.2801669422544876,
      -0.28183663181713525,
      -0.04313222492090673,
      -0.12882461916871707,
      0.15989630466395233,
      0.11093386708992795,
      -0.00044346743006904647,
      0.006554800910395953,
      -0.00031381197469517456
    ],
    "b": 0.7437066549613404,
    "calib": {
      "a": 1.0,
      "b": 0.0
    }
  }
}
