{
  "version": "v3_top_v18",
  "schema": [
    "fib_prox_x_adx",
    "fib05_prox_atr",
    "fib_prox_score",
    "fib05_x_rsi_inv",
    "fib05_x_ema_slope",
    "volatility_shift_ma3",
    "vol_regime",
    "bb_position_inv_ma3"
  ],
  "buy": {
    "w": [
      -4.5943021527534015e-06,
      -8.642918403060885e-06,
      -1.2857907660084495e-05,
      2.308091885727106e-06,
      -6.798283514156045e-08,
      0.0894512761425844,
      0.07506273862815312,
      -0.28707977319564
    ],
    "b": -0.32979170369234084,
    "calib": {
      "a": 1.0,
      "b": 0.0
    }
  },
  "sell": {
    "w": [
      4.594302152753381e-06,
      8.642918403060839e-06,
      1.2857907660084433e-05,
      -2.3080918857270974e-06,
      6.798283514156017e-08,
      -0.08945127614257833,
      -0.07506273862815702,
      0.287079773195642
    ],
    "b": 0.3297917036923344,
    "calib": {
      "a": 1.0,
      "b": 0.0
    }
  }
}
