{
  "version": "v10_final_baseline",
  "schema": [
    "bb_position",
    "trend_confluence",
    "rsi"
  ],
  "buy": {
    "w": [
      -0.07429440776422654,
      -0.08346279043613766,
      0.12100394699737847
    ],
    "b": -0.3432204467473039,
    "calib": {
      "a": 1.0,
      "b": 0.0
    }
  },
  "sell": {
    "w": [
      0.07429440776422677,
      0.0834627904361381,
      -0.12100394699737861
    ],
    "b": 0.3432204467473038,
    "calib": {
      "a": 1.0,
      "b": 0.0
    }
  }
}