{
  "version": "v3",
  "schema": [
    "rsi_inv_lag1",
    "volatility_shift_ma3",
    "bb_position_inv_ma3",
    "rsi_vol_interaction",
    "vol_regime"
  ],
  "buy": {
    "w": [
      0.24632984264101013,
      0.29627872058253374,
      0.37364758207066845,
      -0.1015278767772536,
      -0.10937285558591385
    ],
    "b": -0.3012037705902129,
    "calib": {
      "a": 1.0,
      "b": 0.0
    }
  },
  "sell": {
    "w": [
      -0.24632984264093774,
      -0.2962787205824723,
      -0.3736475820705902,
      0.10152787677724555,
      0.10937285558588404
    ],
    "b": 0.30120377059013576,
    "calib": {
      "a": 1.0,
      "b": 0.0
    }
  },
  "calibration_by_regime": {
    "buy": {
      "bear": {
        "method": "platt",
        "a": 4.1452196845980405,
        "b": -0.0950151904841081,
        "brier_before": 0.24571649972721557,
        "brier_after": 0.2416579927046644,
        "improvement": 0.004058507022551172,
        "n_samples": 970
      },
      "bull": {
        "method": "platt",
        "a": 1.2429055852810174,
        "b": -0.12182298132360019,
        "brier_before": 0.2502029953399478,
        "brier_after": 0.24935998543756613,
        "improvement": 0.0008430099023816473,
        "n_samples": 1264
      },
      "ranging": {
        "method": "platt",
        "a": 1.9755742797512388,
        "b": -0.012889927514931985,
        "brier_before": 0.24915465116344368,
        "brier_after": 0.24893189625648307,
        "improvement": 0.0002227549069606094,
        "n_samples": 10724
      }
    },
    "sell": {
      "bear": {
        "method": "platt",
        "a": 2.792164583392896,
        "b": 0.28828286412864296,
        "brier_before": 0.24241658212287068,
        "brier_after": 0.240866773265606,
        "improvement": 0.0015498088572646895,
        "n_samples": 970
      },
      "bull": {
        "method": "platt",
        "a": 0.7254672583677596,
        "b": 0.13367963516248377,
        "brier_before": 0.25077272009036883,
        "brier_after": 0.24936343273118994,
        "improvement": 0.0014092873591788901,
        "n_samples": 1264
      },
      "ranging": {
        "method": "platt",
        "a": 1.025879191958136,
        "b": 0.027000282000388818,
        "brier_before": 0.2489662823921005,
        "brier_after": 0.24893072608894162,
        "improvement": 3.555630315887903e-05,
        "n_samples": 10724
      }
    },
    "method": "isotonic",
    "note": "Regime-specific calibration to handle varying data distributions"
  }
}
