{
  "version": "v4",
  "schema": [
    "rsi_inv_lag1",
    "volatility_shift_ma3",
    "bb_position_inv_ma3",
    "rsi_vol_interaction",
    "vol_regime",
    "fib05_prox_atr",
    "fib_prox_score",
    "fib05_x_ema_slope",
    "fib_prox_x_adx",
    "fib05_x_rsi_inv"
  ],
  "buy": {
    "w": [
      1.1689516578629215, 0.820454157336893, 0.5009941336005359,
      -0.7472511087785078, -0.2133023248235007, -0.13839381718113097,
      -0.16989203129046854, -0.001508010887982827, -0.05868037154467322,
      0.03584782832320421
    ],
    "b": -0.8735646263175557,
    "calib": {
      "a": 1.0,
      "b": 0.0
    }
  },
  "sell": {
    "w": [
      -1.1689516578629555, -0.8204541573369523, -0.5009941336005456,
      0.7472511087785254, 0.2133023248235156, 0.13839381718106064,
      0.16989203129038236, 0.0015080108879820622, 0.058680371544643645,
      -0.035847828323186136
    ],
    "b": 0.8735646263176085,
    "calib": {
      "a": 1.0,
      "b": 0.0
    }
  }
}
