{
  "version": "v10_optimized",
  "schema": [
    "bb_position",
    "trend_confluence",
    "rsi"
  ],
  "buy": {
    "w": [
      -0.06968523202825055,
      -0.10934636540823034,
      0.15094127079935724
    ],
    "b": -0.5222073474199279,
    "calib": {
      "a": 1.0,
      "b": 0.0
    }
  },
  "sell": {
    "w": [
      0.0696852320282507,
      0.1093463654082309,
      -0.15094127079935693
    ],
    "b": 0.5222073474199279,
    "calib": {
      "a": 1.0,
      "b": 0.0
    }
  }
}