{
  "version": "v3_top_v18",
  "schema": [
    "rsi_inv_lag1",
    "volatility_shift_ma3",
    "bb_position_inv_ma3",
    "rsi_vol_interaction",
    "vol_regime",
    "fib05_prox_atr",
    "fib_prox_score",
    "fib05_x_ema_slope",
    "fib_prox_x_adx",
    "fib05_x_rsi_inv"
  ],
  "buy": {
    "w": [
      0.10749915632551023,
      0.015194682754976681,
      -0.10555799505920951,
      0.02238151502964974,
      0.22943629154511205,
      -0.0064733691710900055,
      -0.00560020483235825,
      -9.577472946654326e-05,
      -0.002456712810725058,
      0.002409916224996706
    ],
    "b": -0.42167379070064087,
    "calib": {
      "a": 1.0,
      "b": 0.0
    }
  },
  "sell": {
    "w": [
      -0.10749915632551008,
      -0.015194682754976967,
      0.10555799505920975,
      -0.022381515029649645,
      -0.22943629154511178,
      0.006473369171089973,
      0.00560020483235822,
      9.577472946654272e-05,
      0.0024567128107250463,
      -0.002409916224996692
    ],
    "b": 0.42167379070064087,
    "calib": {
      "a": 1.0,
      "b": 0.0
    }
  }
}