{
  "version": "v3",
  "schema": [
    "rsi_inv_lag1",
    "volatility_shift_ma3",
    "bb_position_inv_ma3",
    "rsi_vol_interaction",
    "vol_regime",
    "fib05_prox_atr",
    "fib_prox_score",
    "fib05_x_ema_slope",
    "fib_prox_x_adx",
    "fib05_x_rsi_inv"
  ],
  "buy": {
    "w": [
      1.1689516578618493,
      0.8204541573359408,
      0.5009941336002043,
      -0.7472511087778007,
      -0.21330232482324885,
      -0.13839381718240476,
      -0.16989203129203206,
      -0.0015080108879967859,
      -0.05868037154521333,
      0.03584782832353304
    ],
    "b": -0.8735646263166199,
    "calib": {
      "a": 1.0,
      "b": 0.0
    }
  },
  "sell": {
    "w": [
      -1.168951657861752,
      -0.8204541573356765,
      -0.5009941336001862,
      0.7472511087777337,
      0.2133023248231701,
      0.1383938171826561,
      0.16989203129234126,
      0.001508010887999543,
      0.05868037154532003,
      -0.035847828323597855
    ],
    "b": 0.8735646263163949,
    "calib": {
      "a": 1.0,
      "b": 0.0
    }
  }
}
