{
  "version": "v4",
  "schema": [
    "rsi_inv_lag1",
    "volatility_shift_ma3",
    "bb_position_inv_ma3",
    "rsi_vol_interaction",
    "vol_regime",
    "fib05_prox_atr",
    "fib_prox_score",
    "fib05_x_ema_slope",
    "fib_prox_x_adx",
    "fib05_x_rsi_inv"
  ],
  "buy": {
    "w": [
      0.13133734955670054, 0.282642899984888, 0.2838172019479166,
      0.039832972550080836, 0.09741863006448903, -0.020276117842157933,
      -0.024866319310499724, -0.00021927288464344285, -0.008614802646218798,
      0.005288433517942649
    ],
    "b": -0.76482722513053,
    "calib": {
      "a": 1.0,
      "b": 0.0
    }
  },
  "sell": {
    "w": [
      -0.13133734955667944, -0.2826428999848616, -0.2838172019478857,
      -0.039832972550081794, -0.09741863006450047, 0.0202761178421517,
      0.024866319310492067, 0.00021927288464337522, 0.008614802646216134,
      -0.0052884335179410056
    ],
    "b": 0.7648272251304901,
    "calib": {
      "a": 1.0,
      "b": 0.0
    }
  }
}
