{
  "version": "v3_top_v18",
  "schema": [
    "fib_prox_score",
    "fib05_prox_atr",
    "fib_prox_x_adx",
    "fib05_x_rsi_inv",
    "fib05_x_ema_slope",
    "bb_position_inv_ma3"
  ],
  "buy": {
    "w": [
      -0.00560020483235825,
      -0.0064733691710900055,
      -0.002456712810725058,
      0.002409916224996706,
      -9.577472946654326e-05,
      -0.10555799505920951
    ],
    "b": -0.42167379070064087,
    "calib": {
      "a": 1.0,
      "b": 0.0
    }
  },
  "sell": {
    "w": [
      0.00560020483235822,
      0.006473369171089973,
      0.0024567128107250463,
      -0.002409916224996692,
      9.577472946654272e-05,
      0.10555799505920975
    ],
    "b": 0.42167379070064087,
    "calib": {
      "a": 1.0,
      "b": 0.0
    }
  }
}