{
  "version": "v3_top_v18",
  "schema": [
    "volatility_shift_ma3",
    "fib05_prox_atr",
    "fib_prox_x_adx",
    "fib_prox_score",
    "fib05_x_rsi_inv",
    "vol_regime"
  ],
  "buy": {
    "w": [
      0.2801669422544879,
      -0.15989630466395832,
      -0.006554800910394535,
      -0.11093386708993141,
      0.00031381197469406753,
      0.12882461916872046
    ],
    "b": -0.7437066549613455,
    "calib": {
      "a": 1.0,
      "b": 0.0
    }
  },
  "sell": {
    "w": [
      -0.2801669422544876,
      0.15989630466395233,
      0.006554800910395953,
      0.11093386708992795,
      -0.00031381197469517456,
      -0.12882461916871707
    ],
    "b": 0.7437066549613404,
    "calib": {
      "a": 1.0,
      "b": 0.0
    }
  }
}
