{
  "open": [
    93.2, 93.25, 93.37999, 93.17, 93.8, 93.15501, 93.7, 94.06751, 93.55,
    94.22999, 94.39986, 94.05, 96.675, 97.4, 99.62055, 105.9, 103.29, 102.2,
    102.49998, 103.458, 103.93, 105.5, 103.0, 104.0, 102.89999, 102.8, 105.0,
    104.72, 103.0, 102.99, 102.79801, 102.77689, 105.0, 105.45, 105.23999,
    106.50003, 107.90002, 107.8, 108.40895848, 108.0, 108.36899, 108.60001,
    109.99998, 115.0, 113.78964456, 115.36893245, 115.0, 117.95826131, 118.35,
    116.57909668, 122.0, 123.00054418, 121.01092105, 124.00958618, 134.25,
    143.66312025, 125.0, 129.99, 137.39324502, 139.29978939, 141.05293, 135.0,
    137.1, 130.0, 134.8, 137.6, 125.0, 130.0, 118.0, 122.9924, 124.0, 134.71656,
    125.96122206, 131.77968624, 124.00068921, 125.5, 132.79262664, 130.0,
    131.19037958, 132.32953043, 134.0, 131.99, 133.702, 138.63, 140.05, 137.071,
    132.788, 135.0, 135.0, 131.579, 133.899, 132.503, 133.999, 134.12, 132.8,
    130.10001, 132.001, 132.75, 132.351, 136.0, 136.874, 137.221, 136.0,
    138.051, 138.819, 136.721, 137.019, 137.741, 137.0, 137.7, 137.0, 138.0,
    139.98, 140.76, 142.2, 142.406, 142.85, 143.399, 143.001, 142.8, 140.0,
    141.0, 141.266, 142.008, 142.0, 142.99, 143.5, 142.5, 141.7, 142.01, 141.89,
    141.712, 142.55, 141.522, 143.0, 143.4, 143.25, 142.9, 142.801, 143.0,
    143.5, 143.501, 142.9, 143.5, 142.75, 144.0, 144.4823, 144.1, 144.5,
    144.301, 144.9, 144.188, 146.29, 147.465, 148.799, 152.99, 154.97, 156.6,
    156.8, 159.61, 155.75, 159.96, 158.998, 158.1, 162.581, 163.5, 162.38,
    163.9, 168.999, 172.51, 173.0, 169.99, 171.43, 173.9, 173.976, 182.0,
    182.988, 185.134, 181.89, 184.463, 190.0, 189.88, 194.0, 184.916, 187.0,
    183.001, 185.814, 190.002, 188.212, 187.005, 185.01, 186.8, 189.0, 190.51,
    194.5, 192.0, 192.421, 196.5, 191.49, 194.01
  ],
  "high": [
    93.29, 100.0, 93.48797, 94.0, 93.8, 93.15503, 93.79, 94.48, 94.0, 94.23,
    95.0, 96.0, 98.5, 99.9, 105.0, 105.9, 104.5, 103.17999, 102.49999, 104.4,
    104.5, 105.5, 103.999, 104.01871, 103.69998, 104.99901, 105.6, 106.0,
    103.08, 103.0, 102.79801, 104.9, 105.51, 107.65, 106.6, 107.975, 108.0399,
    108.86, 108.47999, 108.35012931, 108.37447485, 110.25, 115.25, 115.0,
    115.79983854, 115.7625, 118.3867, 117.95826131, 118.3880667, 121.93299797,
    127.0, 123.40062759, 126.8, 140.0316671, 145.0, 146.88, 145.5, 140.3924,
    141.0375018, 142.0444, 141.995, 135.0, 138.0, 137.0, 139.5, 138.7, 140.08,
    130.0, 127.0, 126.8, 135.8, 135.0, 135.0, 131.77968624, 126.10314867,
    132.96, 132.79262664, 132.94707814, 133.0, 133.0, 134.99, 136.0, 138.63,
    143.0, 140.5, 137.5, 136.5, 135.002, 135.4, 133.0, 134.238, 136.7, 134.196,
    134.12, 132.99, 131.999, 133.34339, 133.001, 136.42, 138.006, 137.9,
    137.221, 137.403, 139.8, 139.5, 138.1, 138.5, 137.741, 137.0, 138.0, 139.0,
    140.5, 144.0, 144.5, 144.0, 145.0, 144.5, 144.45, 143.001, 142.8, 141.326,
    141.99, 142.99, 142.5, 143.0, 144.0, 143.5, 142.5, 142.5, 143.0, 142.0,
    141.712, 142.55, 141.979, 144.0, 143.4, 143.29, 143.2, 142.998, 143.0,
    143.65, 143.62, 143.64, 144.0, 143.99, 144.5, 144.5, 144.45, 144.5, 144.85,
    144.98, 146.21, 149.0, 150.0, 153.9, 156.9, 158.0, 158.185, 159.506, 162.75,
    160.0, 162.0, 159.981, 162.4, 164.75, 164.5, 163.8, 170.0, 174.4, 175.0,
    174.0, 171.0, 174.0, 175.5, 180.0, 183.6, 186.97, 186.0, 184.799, 191.0,
    190.6, 194.57, 194.5, 188.0, 188.036, 190.0, 190.002, 193.0, 189.79,
    190.501, 187.009, 200.0, 194.5, 194.5, 194.5, 195.0, 196.5, 205.1, 193.8,
    194.208
  ],
  "low": [
    92.9, 93.03, 93.1, 93.10999, 92.49999, 93.15501, 93.7, 94.0, 93.55,
    94.22999, 94.0, 94.0, 95.98264, 97.4, 99.00001, 96.3, 102.1, 102.0,
    102.49998, 102.11099, 103.1, 105.0, 102.23099, 103.0, 102.33, 102.8, 104.7,
    103.5, 99.0, 101.02, 102.0, 102.77689, 103.52761, 103.77, 104.4, 106.201,
    107.2, 107.5, 107.09988488, 107.75147349, 108.007, 108.399, 109.151,
    112.1221439, 113.78964456, 113.51525957, 114.94196603, 116.3, 117.1,
    116.57909668, 121.14, 117.99441783, 119.0, 124.00958618, 130.0, 142.0,
    124.93767887, 128.74836463, 136.94101256, 138.97638144, 138.0, 135.0, 130.0,
    130.0, 133.93379331, 120.0, 110.0, 103.96, 101.51088, 114.05778213,
    121.61593, 120.0, 122.0, 123.75, 119.0, 125.5, 126.9468683, 129.97513944,
    131.19037958, 130.56083016, 133.97550142, 131.99, 133.702, 135.986, 136.091,
    133.51, 132.1, 133.378, 128.0, 131.42, 131.502, 131.817, 132.999, 131.0,
    132.0, 128.25, 130.6, 131.503, 132.351, 135.12101, 135.119, 135.5, 135.999,
    138.0, 135.3, 136.491, 137.019, 136.849, 135.399, 136.74, 136.764, 137.999,
    139.75, 140.76, 140.012, 142.406, 142.199, 143.06, 142.04621, 141.5, 139.0,
    141.0, 141.0, 140.902, 141.781, 142.5, 142.522, 141.611, 141.615, 142.01,
    141.6, 141.5, 141.201, 141.349, 143.0, 142.9, 142.49, 142.471, 142.611,
    143.0, 142.501, 142.771, 142.507, 142.9, 142.75, 144.0, 144.001, 143.501,
    144.26, 144.301, 144.7, 144.001, 146.0, 147.28, 148.13, 152.0, 153.75,
    154.899, 156.8, 153.5101, 153.5, 158.242, 157.015, 158.0, 162.475, 160.65,
    161.38, 163.2, 168.95, 170.05, 166.693, 168.0, 171.4, 171.7999, 173.0,
    181.0, 182.57, 180.0, 181.01, 182.678, 188.5, 188.5, 181.803, 172.104,
    179.199, 182.101, 185.0, 185.0, 179.937, 185.01, 184.998, 186.8, 188.559,
    190.0, 191.007, 188.898, 192.08, 190.499, 190.003, 192.096
  ],
  "close": [
    93.033, 93.1, 93.1, 93.74, 92.70002, 93.15503, 93.79, 94.00001, 94.0, 94.23,
    95.0, 96.0, 98.5, 99.9, 103.5, 102.2, 102.1, 102.9999, 102.49999, 104.0,
    104.01, 105.0, 103.999, 103.24871, 102.37, 104.99901, 104.75, 104.998,
    102.98, 101.02, 102.747, 104.5, 105.3, 105.33, 106.6, 107.90001, 107.2,
    108.05, 107.09988488, 108.32021292, 108.09999, 109.95, 115.0, 112.1221439,
    115.7625, 114.9348, 118.22935407, 117.81528725, 117.98999, 121.5506,
    123.01621056, 121.01008454, 124.63694215, 136.5482124, 145.0, 142.0,
    128.68073493, 139.86391808, 139.1, 142.0444, 138.0, 135.0, 130.0, 134.28,
    138.79470623, 129.96978404, 129.91950996, 115.1, 123.0, 121.48785665, 134.7,
    120.0, 134.95296889, 126.27202553, 125.5, 132.96, 130.02092047, 131.39862,
    132.8, 133.0, 133.99622549, 133.504, 137.06, 140.501, 136.091, 133.51,
    135.0, 134.502, 131.891, 132.682, 131.989, 134.828, 134.12, 132.99, 132.899,
    130.341, 132.681, 132.0, 135.632, 137.638, 137.385, 136.7, 137.403, 138.495,
    137.069, 137.999, 138.46, 136.95, 136.99, 137.0, 137.313, 139.5, 143.5,
    142.589, 144.0, 142.88, 144.5, 143.5, 142.3, 141.5, 140.0, 141.99, 142.99,
    141.0, 143.0, 143.5, 143.0, 142.5, 141.9485, 143.0, 141.6, 141.501, 141.201,
    141.979, 143.25, 143.2, 142.49, 142.8, 142.611, 143.0, 143.5, 142.771,
    143.05, 144.0, 143.99, 144.48, 144.25, 144.11, 144.26, 144.5, 144.7, 146.0,
    148.001, 148.85, 153.0, 154.97, 157.0, 156.21, 159.506, 157.305, 158.5,
    160.85, 158.0, 162.4, 164.0, 162.0, 162.304, 167.847, 174.4, 171.433,
    170.002, 170.2, 173.7, 174.69, 180.0, 182.65, 185.0, 181.5, 184.761, 190.5,
    190.0, 194.0, 187.155, 187.202, 181.264, 186.001, 190.002, 188.212, 187.0,
    186.951, 186.985, 188.601, 194.5, 192.5, 191.007, 192.08, 193.2, 191.49,
    190.019, 194.2
  ],