{
  "buy_model": {
    "best_params": {
      "C": 0.1,
      "max_iter": 1000,
      "penalty": "l2",
      "solver": "lbfgs"
    },
    "best_score": -0.6756709521446838,
    "val_log_loss": 0.6478607116623588,
    "val_auc": 0.5108130607714365
  },
  "sell_model": {
    "best_params": {
      "C": 0.1,
      "max_iter": 1000,
      "penalty": "l2",
      "solver": "lbfgs"
    },
    "best_score": -0.6756709521446836,
    "val_log_loss": 0.6478607116623588,
    "val_auc": 0.5108130607714365
  },
  "feature_names": [
    "bb_position",
    "trend_confluence",
    "rsi"
  ],
  "n_features": 3,
  "n_train": 2562,
  "n_val": 854
}
