{
  "version": "v3",
  "schema": [
    "rsi",
    "bb_position",
    "trend_confluence",
    "vol_trend",
    "bb_width",
    "momentum_displacement_z",
    "adx"
  ],
  "buy": {
    "w": [
      -0.2991901443497729,
      -0.16400090021558708,
      -0.19753878981016942,
      -0.019226845382754397,
      0.11722053635213477,
      0.01811499268455445,
      0.12044471422280599
    ],
    "b": -0.1542011546427779,
    "calib": {
      "a": 1.0,
      "b": 0.0
    }
  },
  "sell": {
    "w": [
      0.29919014434977304,
      0.16400090021558875,
      0.19753878981016945,
      0.01922684538275487,
      -0.11722053635213478,
      -0.01811499268455479,
      -0.12044471422280532
    ],
    "b": 0.15420115464277823,
    "calib": {
      "a": 1.0,
      "b": 0.0
    }
  }
}