{
  "1m": {
    "schema": [
      "rsi_inv_lag1",
      "volatility_shift_ma3",
      "bb_position_inv_ma3",
      "rsi_vol_interaction",
      "vol_regime"
    ],
    "buy": {
      "w": [
        0.24632984264101013,
        0.29627872058253374,
        0.37364758207066845,
        -0.1015278767772536,
        -0.10937285558591385
      ],
      "b": -0.3012037705902129,
      "calib": {
        "a": 1.0,
        "b": 0.0
      }
    },
    "sell": {
      "w": [
        -0.24632984264093774,
        -0.2962787205824723,
        -0.3736475820705902,
        0.10152787677724555,
        0.10937285558588404
      ],
      "b": 0.30120377059013576,
      "calib": {
        "a": 1.0,
        "b": 0.0
      }
    },
    "calibration_by_regime": {
      "buy": {
        "bear": {
          "method": "platt",
          "a": 4.1452196845980405,
          "b": -0.0950151904841081
        },
        "bull": {
          "method": "platt",
          "a": 1.2429055852810174,
          "b": -0.12182298132360019
        },
        "ranging": {
          "method": "platt",
          "a": 1.9755742797512388,
          "b": -0.012889927514931985
        }
      },
      "sell": {
        "bear": {
          "method": "platt",
          "a": 2.792164583392896,
          "b": 0.28828286412864296
        },
        "bull": {
          "method": "platt",
          "a": 0.7254672583677596,
          "b": 0.13367963516248377
        },
        "ranging": {
          "method": "platt",
          "a": 1.025879191958136,
          "b": 0.027000282000388818
        }
      }
    }
  },
  "5m": {
    "schema": [
      "rsi_inv_lag1",
      "volatility_shift_ma3",
      "bb_position_inv_ma3",
      "rsi_vol_interaction",
      "vol_regime"
    ],
    "buy": {
      "w": [
        0.24632984264101013,
        0.29627872058253374,
        0.37364758207066845,
        -0.1015278767772536,
        -0.10937285558591385
      ],
      "b": -0.3012037705902129,
      "calib": {
        "a": 1.0,
        "b": 0.0
      }
    },
    "sell": {
      "w": [
        -0.24632984264093774,
        -0.2962787205824723,
        -0.3736475820705902,
        0.10152787677724555,
        0.10937285558588404
      ],
      "b": 0.30120377059013576,
      "calib": {
        "a": 1.0,
        "b": 0.0
      }
    },
    "calibration_by_regime": {
      "buy": {
        "bear": {
          "method": "platt",
          "a": 4.1452196845980405,
          "b": -0.0950151904841081
        },
        "bull": {
          "method": "platt",
          "a": 1.2429055852810174,
          "b": -0.12182298132360019
        },
        "ranging": {
          "method": "platt",
          "a": 1.9755742797512388,
          "b": -0.012889927514931985
        }
      },
      "sell": {
        "bear": {
          "method": "platt",
          "a": 2.792164583392896,
          "b": 0.28828286412864296
        },
        "bull": {
          "method": "platt",
          "a": 0.7254672583677596,
          "b": 0.13367963516248377
        },
        "ranging": {
          "method": "platt",
          "a": 1.025879191958136,
          "b": 0.027000282000388818
        }
      }
    }
  },
  "15m": {
    "schema": [
      "rsi_inv_lag1",
      "volatility_shift_ma3",
      "bb_position_inv_ma3",
      "rsi_vol_interaction",
      "vol_regime"
    ],
    "buy": {
      "w": [
        0.24632984264101013,
        0.29627872058253374,
        0.37364758207066845,
        -0.1015278767772536,
        -0.10937285558591385
      ],
      "b": -0.3012037705902129,
      "calib": {
        "a": 1.0,
        "b": 0.0
      }
    },
    "sell": {
      "w": [
        -0.24632984264093774,
        -0.2962787205824723,
        -0.3736475820705902,
        0.10152787677724555,
        0.10937285558588404
      ],
      "b": 0.30120377059013576,
      "calib": {
        "a": 1.0,
        "b": 0.0
      }
    },
    "calibration_by_regime": {
      "buy": {
        "bear": {
          "method": "platt",
          "a": 4.1452196845980405,
          "b": -0.0950151904841081
        },
        "bull": {
          "method": "platt",
          "a": 1.2429055852810174,
          "b": -0.12182298132360019
        },
        "ranging": {
          "method": "platt",
          "a": 1.9755742797512388,
          "b": -0.012889927514931985
        }
      },
      "sell": {
        "bear": {
          "method": "platt",
          "a": 2.792164583392896,
          "b": 0.28828286412864296
        },
        "bull": {
          "method": "platt",
          "a": 0.7254672583677596,
          "b": 0.13367963516248377
        },
        "ranging": {
          "method": "platt",
          "a": 1.025879191958136,
          "b": 0.027000282000388818
        }
      }
    }
  },
  "1h": {
    "schema": [
      "rsi_inv_lag1",
      "volatility_shift_ma3",
      "bb_position_inv_ma3",
      "rsi_vol_interaction",
      "vol_regime"
    ],
    "buy": {
      "w": [
        0.24632984264101013,
        0.29627872058253374,
        0.37364758207066845,
        -0.1015278767772536,
        -0.10937285558591385
      ],
      "b": -0.3012037705902129,
      "calib": {
        "a": 1.0,
        "b": 0.0
      }
    },
    "sell": {
      "w": [
        -0.24632984264093774,
        -0.2962787205824723,
        -0.3736475820705902,
        0.10152787677724555,
        0.10937285558588404
      ],
      "b": 0.30120377059013576,
      "calib": {
        "a": 1.0,
        "b": 0.0
      }
    },
    "calibration_by_regime": {
      "buy": {
        "bear": {
          "method": "platt",
          "a": 4.1452196845980405,
          "b": -0.0950151904841081
        },
        "bull": {
          "method": "platt",
          "a": 1.2429055852810174,
          "b": -0.12182298132360019
        },
        "ranging": {
          "method": "platt",
          "a": 1.9755742797512388,
          "b": -0.012889927514931985
        }
      },
      "sell": {
        "bear": {
          "method": "platt",
          "a": 2.792164583392896,
          "b": 0.28828286412864296
        },
        "bull": {
          "method": "platt",
          "a": 0.7254672583677596,
          "b": 0.13367963516248377
        },
        "ranging": {
          "method": "platt",
          "a": 1.025879191958136,
          "b": 0.027000282000388818
        }
      }
    }
  },
  "3h": {
    "schema": [
      "rsi_inv_lag1",
      "volatility_shift_ma3",
      "bb_position_inv_ma3",
      "rsi_vol_interaction",
      "vol_regime"
    ],
    "buy": {
      "w": [
        0.24632984264101013,
        0.29627872058253374,
        0.37364758207066845,
        -0.1015278767772536,
        -0.10937285558591385
      ],
      "b": -0.3012037705902129,
      "calib": {
        "a": 1.0,
        "b": 0.0
      }
    },
    "sell": {
      "w": [
        -0.24632984264093774,
        -0.2962787205824723,
        -0.3736475820705902,
        0.10152787677724555,
        0.10937285558588404
      ],
      "b": 0.30120377059013576,
      "calib": {
        "a": 1.0,
        "b": 0.0
      }
    },
    "calibration_by_regime": {
      "buy": {
        "bear": {
          "method": "platt",
          "a": 4.1452196845980405,
          "b": -0.0950151904841081
        },
        "bull": {
          "method": "platt",
          "a": 1.2429055852810174,
          "b": -0.12182298132360019
        },
        "ranging": {
          "method": "platt",
          "a": 1.9755742797512388,
          "b": -0.012889927514931985
        }
      },
      "sell": {
        "bear": {
          "method": "platt",
          "a": 2.792164583392896,
          "b": 0.28828286412864296
        },
        "bull": {
          "method": "platt",
          "a": 0.7254672583677596,
          "b": 0.13367963516248377
        },
        "ranging": {
          "method": "platt",
          "a": 1.025879191958136,
          "b": 0.027000282000388818
        }
      }
    }
  }
}