{
  "delta": {
    "consistency_profit_factor_std": 0.0,
    "consistency_return_std": 0.0,
    "expectancy": 0.0,
    "max_drawdown": 0.0,
    "profit_factor": 0.0,
    "total_return_pct": 0.0,
    "trade_count": 0,
    "win_rate": 0.0
  },
  "split_with_fib": {
    "early": {
      "expectancy": 1.496982230269226,
      "max_drawdown": 0.342739455312073,
      "profit_factor": 1.8012480523615473,
      "total_return_pct": 0.041468224671152715,
      "trade_count": 41,
      "win_rate": 78.04878048780488
    },
    "late": {
      "expectancy": 5.766708110670585,
      "max_drawdown": 1.4427767092574384,
      "profit_factor": 1.852019354140442,
      "total_return_pct": 0.7029391927439792,
      "trade_count": 46,
      "win_rate": 65.21739130434783
    },
    "mid": {
      "expectancy": 5.652367967836139,
      "max_drawdown": 0.6660357717077163,
      "profit_factor": 3.596253192750794,
      "total_return_pct": 1.0348862102285055,
      "trade_count": 48,
      "win_rate": 85.41666666666666
    }
  },
  "split_without_fib": {
    "early": {
      "expectancy": 1.496982230269226,
      "max_drawdown": 0.342739455312073,
      "profit_factor": 1.8012480523615473,
      "total_return_pct": 0.041468224671152715,
      "trade_count": 41,
      "win_rate": 78.04878048780488
    },
    "late": {
      "expectancy": 5.766708110670585,
      "max_drawdown": 1.4427767092574384,
      "profit_factor": 1.852019354140442,
      "total_return_pct": 0.7029391927439792,
      "trade_count": 46,
      "win_rate": 65.21739130434783
    },
    "mid": {
      "expectancy": 5.652367967836139,
      "max_drawdown": 0.6660357717077163,
      "profit_factor": 3.596253192750794,
      "total_return_pct": 1.0348862102285055,
      "trade_count": 48,
      "win_rate": 85.41666666666666
    }
  },
  "with_fib": {
    "avg_duration_hours": 119.11643835616438,
    "avg_loss": -15.842698997057356,
    "avg_trade_duration_hours": 119.11643835616438,
    "avg_win": 11.067818867342702,
    "calmar_ratio": 1.2613250912705143,
    "expectancy": 4.248030093487892,
    "gross_loss": 586.1798628911222,
    "gross_profit": 1206.3922565403543,
    "losing_trades": 37,
    "max_drawdown": 1.3087994631199655,
    "max_drawdown_pct": 1.3087994631199655,
    "max_drawdown_usd": 130.87994631199655,
    "max_losing_streak": 4,
    "max_winning_streak": 10,
    "num_trades": 146,
    "profit_factor": 2.1454408663493494,
    "returns_std": 0.17204737277080695,
    "sharpe_ratio": 0.23722323457145827,
    "sortino_ratio": 0.4657431635383284,
    "total_pnl": 165.0821602274591,
    "total_return": 1.6508216022745907,
    "total_return_pct": 1.6508216022745907,
    "total_trades": 146,
    "trade_returns": [
      0.0027918927036001107,
      0.004628636754840045,
      0.00750676804430022,
      -0.09508705919999953,
      0.09869771589216013,
      0.18049061647904022,
      0.031108481712000136,
      0.0170018452359001,
      0.05793378979962038,
      -0.05972309285039972,
      -0.12693343630799964,
      0.16397662898400034,
      0.03229178392440007,
      0.033697337378040065,
      0.07574905986396013,
      0.010955333373600018,
      0.011891713555260069,
      0.03196777096674015,
      0.014488667137560208,
      0.009852339082068048,
      0.03994303461976833,
      -0.10609315281599967,
      -0.09755556619199987,
      0.05219591016948004,
      0.027349760598048025,
      0.09527161538879607,
      -0.08728324931999987,
      -0.06815257323839986,
      0.1139991424664401,
      0.20846926165436022,
      0.011369326537800125,
      0.012872981594214026,
      0.030608734986354188,
      0.011508301312200084,
      0.010105988807600205,
      0.0031991255142000477,
      0.006948058441842065,
      0.011352594885786191,
      -0.09828224087999958,
      -0.10959745194719975,
      -0.07478592730559978,
      0.00039805273200030995,
      0.006328911414420102,
      0.00584639406778053,
      0.0014292472920000537,
      -0.001623308533999814,
      0.024697449619920108,
      0.008918777772198029,
      0.06795007167320423,
      -0.12762706811999952,
      0.04603983710172038,
      0.01584137735724608,
      0.07153290849901063,
      0.020597697535800364,
      0.008614090335060116,
      0.14898639844639655,
      0.02971275929160026,
      0.02667866172048017,
      0.07101666005084052,
      -0.11178844559999984,
      0.021224344153320154,
      0.026757789375996,
      0.05440342661201024,
      -0.16506740814479973,
      0.026911752621600636,
      0.025572644062000972,
      -0.18171793550399903,
      -0.15073107839999922,
      0.1562780116220403,
      0.06406982636329814,
      0.2783339601450806,
      0.029942176895400047,
      0.02127147621102002,
      0.24641345104600004,
      -0.2975598968831997,
      0.14541809740920036,
      0.07355935584522022,
      0.23777928199102064,
      0.054369122401440026,
      -0.00029614763079995055,
      0.21548271702804034,
      0.09127352057745615,
      0.3519926920833685,
      0.1269992177916005,
      0.0706050317952,
      0.24167364559072052,
      0.010709238613920069,
      0.032159852153856035,
      0.08355348890886208,
      0.01432434617459994,
      -0.0004949347096399292,
      0.1858202594648404,
      0.16000342357076058,
      -0.3220360627343997,
      0.2625609685683603,
      0.4801216662068406,
      -0.1664719409999994,
      0.009080313238920489,
      0.01879909532751613,
      0.17915400830703676,
      0.06998186228880054,
      0.06409928907928092,
      -0.17699720055359913,
      -0.22844408294399868,
      -0.15326962679279948,
      0.20194228593000044,
      0.1655160129280005,
      -0.15722474176079956,
      -0.1580245747583995,
      -0.1415217940415994,
      0.26546031198456044,
      0.4852593790346408,
      0.0778090895340005,
      0.09234783055350022,
      0.2233690851886009,
      -0.3089345543759989,
      -0.15329361119519935,
      -0.27779194511039945,
      -0.16609287838079992,
      0.47864356384320006,
      0.11372859673560076,
      0.10240622421960159,
      -0.20701347811199894,
      0.03153209492664022,
      0.04416995038982417,
      0.07904089372061457,
      0.046627243786200374,
      0.03663987714912052,
      -0.2654654765279989,
      0.23821404043668032,
      0.4356895433209206,
      0.5069376508800006,
      -0.18556622975999965,
      0.07160058135384038,
      0.04687477118150418,
      0.48620939851997885,
      -0.3208147535999997,
      0.718902619176,
      0.0764471368676404,
      0.04429983146954416,
      0.15678995583701866,
      -0.28752820234319937,
      0.24214365197484067,
      0.09267207709951816,
      0.39713600106366287,
      -0.22490750133599824
    ],
    "win_rate": 76.02739726027397,
    "winning_trades": 109
  },
  "without_fib": {
    "avg_duration_hours": 119.11643835616438,
    "avg_loss": -15.842698997057356,
    "avg_trade_duration_hours": 119.11643835616438,
    "avg_win": 11.067818867342702,
    "calmar_ratio": 1.2613250912705143,
    "expectancy": 4.248030093487892,
    "gross_loss": 586.1798628911222,
    "gross_profit": 1206.3922565403543,
    "losing_trades": 37,
    "max_drawdown": 1.3087994631199655,
    "max_drawdown_pct": 1.3087994631199655,
    "max_drawdown_usd": 130.87994631199655,
    "max_losing_streak": 4,
    "max_winning_streak": 10,
    "num_trades": 146,
    "profit_factor": 2.1454408663493494,
    "returns_std": 0.17204737277080695,
    "sharpe_ratio": 0.23722323457145827,
    "sortino_ratio": 0.4657431635383284,
    "total_pnl": 165.0821602274591,
    "total_return": 1.6508216022745907,
    "total_return_pct": 1.6508216022745907,
    "total_trades": 146,