feature,auc,status
bb_position_inv_ma3,0.5345391208230175,ok
rsi_vol_interaction,0.5333030852721445,ok
rsi_inv_lag1,0.5311365587977717,ok
volatility_shift_ma3,0.5273311268074536,ok
fib05_x_rsi_inv,0.5180701274642145,ok
vol_regime,0.5172699742417037,ok
fib05_x_ema_slope,0.5149652723732532,ok
fib_prox_score,0.49659699906394117,ok
fib_prox_x_adx,0.49590672402838054,ok
fib05_prox_atr,0.4958946790616418,ok
